code,lang,serie,fichero,url,pdf,txt,titulo,n_caracteres
ITM-SST 1105.1,fr,itm-cl-1100-2000,ITM-SST-1105-1.pdf,https://itm.public.lu/dam-assets/fr/securite-sante/conditions-types/itm-cl-1100-2000/ITM-SST-1105-1.pdf,corpus/itm/pdf/ITM-SST-1105-1.pdf,corpus/itm/txt/ITM-SST-1105-1.txt,ITM-SST 1105.1 — Conditions d'exploitation pour les émetteurs — d'ondes électromagnétiques à haute fréquence — Prescriptions de sécurité types,26927
ITM-SST 1106.2,de,itm-cl-1100-2000,ITM-SST-1106-2-de.pdf,https://itm.public.lu/dam-assets/fr/securite-sante/conditions-types/itm-cl-1100-2000/ITM-SST-1106-2-de.pdf,corpus/itm/pdf/ITM-SST-1106-2-de.pdf,corpus/itm/txt/ITM-SST-1106-2-de.txt,ITM-SST 1106.2 — BLITZSCHUTZ — Sicherheitsvorschriften — (8 Seiten),17199
ITM-SST 1106.1,fr,itm-cl-1100-2000,ITM-SST-1106-1.pdf,https://itm.public.lu/dam-assets/fr/securite-sante/conditions-types/itm-cl-1100-2000/ITM-SST-1106-1.pdf,corpus/itm/pdf/ITM-SST-1106-1.pdf,corpus/itm/txt/ITM-SST-1106-1.txt,ITM-SST 1106.1 — BLITZSCHUTZ — Sicherheitsvorschriften — (6 Seiten),16511
ITM-SST 1203.2,fr,itm-cl-1100-2000,ITM-SST-1203-2.pdf,https://itm.public.lu/dam-assets/fr/securite-sante/conditions-types/itm-cl-1100-2000/ITM-SST-1203-2.pdf,corpus/itm/pdf/ITM-SST-1203-2.pdf,corpus/itm/txt/ITM-SST-1203-2.txt,ITM-SST 1203.2 — ASCENSEURS — avec marquage « CE » — Article 1er Objectif et champ d'application                                                       2,39162
ITM-SST 1203.1,fr,itm-cl-1100-2000,ITM-SST-1203-1.pdf,https://itm.public.lu/dam-assets/fr/securite-sante/conditions-types/itm-cl-1100-2000/ITM-SST-1203-1.pdf,corpus/itm/pdf/ITM-SST-1203-1.pdf,corpus/itm/txt/ITM-SST-1203-1.txt,ITM-SST 1203.1 — ASCENSEURS — (régis par la directive 95/16/CE) — Prescriptions de sécurité et de santé types,36356
ITM-SST 1204.1,fr,itm-cl-1100-2000,ITM-SST-1204-1.pdf,https://itm.public.lu/dam-assets/fr/securite-sante/conditions-types/itm-cl-1100-2000/ITM-SST-1204-1.pdf,corpus/itm/pdf/ITM-SST-1204-1.pdf,corpus/itm/txt/ITM-SST-1204-1.txt,ITM-SST 1204.1 — Appareils élévateurs à plateforme pour personnes — mis sur le marché avant 1995 — Prescriptions de sécurité types,31864
ITM-SST 1212.2,fr,itm-cl-1100-2000,ITM-SST-1212-2.pdf,https://itm.public.lu/dam-assets/fr/securite-sante/conditions-types/itm-cl-1100-2000/ITM-SST-1212-2.pdf,corpus/itm/pdf/ITM-SST-1212-2.pdf,corpus/itm/txt/ITM-SST-1212-2.txt,ITM-SST 1212.2 — Conditions d’exploitation supplémentaires pour — ascenseurs ou plateformes servant au transport de — Avec ou sans marquage « CE » de conformité,12738
ITM-SST 1212.1,fr,itm-cl-1100-2000,ITM-SST-1212-1.pdf,https://itm.public.lu/dam-assets/fr/securite-sante/conditions-types/itm-cl-1100-2000/ITM-SST-1212-1.pdf,corpus/itm/pdf/ITM-SST-1212-1.pdf,corpus/itm/txt/ITM-SST-1212-1.txt,ITM-SST 1212.1 — Conditions d’exploitation pour ascenseurs ou plateformes — servant au transport de voitures — Prescriptions de sécurité types,11562
ITM-SST 1213.1,fr,itm-cl-1100-2000,ITM-SST-1213-1.pdf,https://itm.public.lu/dam-assets/fr/securite-sante/conditions-types/itm-cl-1100-2000/ITM-SST-1213-1.pdf,corpus/itm/pdf/ITM-SST-1213-1.pdf,corpus/itm/txt/ITM-SST-1213-1.txt,ITM-SST 1213.1 — MONTE - CHARGES — Prescriptions de sécurité types,19656
ITM-SST 1221.1,fr,itm-cl-1100-2000,ITM-SST-1221-1.pdf,https://itm.public.lu/dam-assets/fr/securite-sante/conditions-types/itm-cl-1100-2000/ITM-SST-1221-1.pdf,corpus/itm/pdf/ITM-SST-1221-1.pdf,corpus/itm/txt/ITM-SST-1221-1.txt,ITM-SST 1221.1 — Grues automotrices — Prescriptions de sécurité types.,29484
ITM-SST 1230.1,fr,itm-cl-1100-2000,ITM-SST-1230-1.pdf,https://itm.public.lu/dam-assets/fr/securite-sante/conditions-types/itm-cl-1100-2000/ITM-SST-1230-1.pdf,corpus/itm/pdf/ITM-SST-1230-1.pdf,corpus/itm/txt/ITM-SST-1230-1.txt,ITM-SST 1230.1 — Appareils de levage conçus d'après la directive 98/37/CE — respectivement d'après la directive 2006/42/CE relatives aux — (avec marquage « CE »),46804
ITM-SST 1231.1,fr,itm-cl-1100-2000,ITM-SST-1231-1.pdf,https://itm.public.lu/dam-assets/fr/securite-sante/conditions-types/itm-cl-1100-2000/ITM-SST-1231-1.pdf,corpus/itm/pdf/ITM-SST-1231-1.pdf,corpus/itm/txt/ITM-SST-1231-1.txt,ITM-SST 1231.1 — Grues à tour — avec marquage « CE » — Prescriptions de sécurité et de santé types,14296
ITM-SST 1232.1,fr,itm-cl-1100-2000,ITM-SST-1232-1.pdf,https://itm.public.lu/dam-assets/fr/securite-sante/conditions-types/itm-cl-1100-2000/ITM-SST-1232-1.pdf,corpus/itm/pdf/ITM-SST-1232-1.pdf,corpus/itm/txt/ITM-SST-1232-1.txt,ITM-SST 1232.1 — Grues automotrices — avec marquage « CE » — Prescriptions de sécurité types.,12297
ITM-SST 1233.1,fr,itm-cl-1100-2000,ITM-SST-1233-1.pdf,https://itm.public.lu/dam-assets/fr/securite-sante/conditions-types/itm-cl-1100-2000/ITM-SST-1233-1.pdf,corpus/itm/pdf/ITM-SST-1233-1.pdf,corpus/itm/txt/ITM-SST-1233-1.txt,"ITM-SST 1233.1 — Srassen, 9 février 2015 — Grues auxiliaires sur camion — avec marquage « CE »",12178
ITM-SST 1234.1,fr,itm-cl-1100-2000,ITM-SST-1234-1.pdf,https://itm.public.lu/dam-assets/fr/securite-sante/conditions-types/itm-cl-1100-2000/ITM-SST-1234-1.pdf,corpus/itm/pdf/ITM-SST-1234-1.pdf,corpus/itm/txt/ITM-SST-1234-1.txt,ITM-SST 1234.1 — Appareils de levage mobiles équipés de fourches — avec marquage « CE » — Prescriptions de sécurité types,7392
ITM-SST 1235.1,fr,itm-cl-1100-2000,ITM-SST-1235-1.pdf,https://itm.public.lu/dam-assets/fr/securite-sante/conditions-types/itm-cl-1100-2000/ITM-SST-1235-1.pdf,corpus/itm/pdf/ITM-SST-1235-1.pdf,corpus/itm/txt/ITM-SST-1235-1.txt,ITM-SST 1235.1 — Ponts élévateurs pour véhicules — (Elévateur de garage) — avec marquage « CE »,4582
ITM-SST 1237.1,fr,itm-cl-1100-2000,ITM-SST-1237-1.pdf,https://itm.public.lu/dam-assets/fr/securite-sante/conditions-types/itm-cl-1100-2000/ITM-SST-1237-1.pdf,corpus/itm/pdf/ITM-SST-1237-1.pdf,corpus/itm/txt/ITM-SST-1237-1.txt,ITM-SST 1237.1 — Appareils de levage mobiles équipés d’une nacelle — avec marquage « CE » — Prescriptions de sécurité types,7983
ITM-SST 1229.1,fr,itm-cl-1100-2000,ITM-SST-1229-1.pdf,https://itm.public.lu/dam-assets/fr/securite-sante/conditions-types/itm-cl-1100-2000/ITM-SST-1229-1.pdf,corpus/itm/pdf/ITM-SST-1229-1.pdf,corpus/itm/txt/ITM-SST-1229-1.txt,ITM-SST 1229.1 — Nacelles automotrices pour le levage de personnes conçues — d’après la directive 98/37/CE ou la directive 2006/42/CE — relative aux machines,19325
ITM-SST 1238.1,fr,itm-cl-1100-2000,ITM-SST-1238-1.pdf,https://itm.public.lu/dam-assets/fr/securite-sante/conditions-types/itm-cl-1100-2000/ITM-SST-1238-1.pdf,corpus/itm/pdf/ITM-SST-1238-1.pdf,corpus/itm/txt/ITM-SST-1238-1.txt,ITM-SST 1238.1 — Monte-charges — avec marquage « CE » — U   Prescriptions de sécurité types,6804
ITM-SST 1239.1,fr,itm-cl-1100-2000,ITM-SST-1239-1.pdf,https://itm.public.lu/dam-assets/fr/securite-sante/conditions-types/itm-cl-1100-2000/ITM-SST-1239-1.pdf,corpus/itm/pdf/ITM-SST-1239-1.pdf,corpus/itm/txt/ITM-SST-1239-1.txt,ITM-SST 1239.1 — Escaliers mécaniques et trottoirs roulants — avec marquage « CE » — Prescriptions de sécurité types,10699
ITM-SST 1240.1,fr,itm-cl-1100-2000,ITM-SST-1240-1.pdf,https://itm.public.lu/dam-assets/fr/securite-sante/conditions-types/itm-cl-1100-2000/ITM-SST-1240-1.pdf,corpus/itm/pdf/ITM-SST-1240-1.pdf,corpus/itm/txt/ITM-SST-1240-1.txt,ITM-SST 1240.1 — Montes-charge mobiles — avec marquage « CE » — U   Prescriptions de sécurité types,5912
ITM-SST 1241.1,fr,itm-cl-1100-2000,ITM-SST-1241-1.pdf,https://itm.public.lu/dam-assets/fr/securite-sante/conditions-types/itm-cl-1100-2000/ITM-SST-1241-1.pdf,corpus/itm/pdf/ITM-SST-1241-1.pdf,corpus/itm/txt/ITM-SST-1241-1.txt,ITM-SST 1241.1 — Appareils de levage mobiles à équipement interchangeable — avec marquage « CE » — Prescriptions de sécurité types,20927
ITM-SST 1242.1,fr,itm-cl-1100-2000,ITM-SST-1242-1.pdf,https://itm.public.lu/dam-assets/fr/securite-sante/conditions-types/itm-cl-1100-2000/ITM-SST-1242-1.pdf,corpus/itm/pdf/ITM-SST-1242-1.pdf,corpus/itm/txt/ITM-SST-1242-1.txt,ITM-SST 1242.1 — Appareils élévateurs à plateforme ou à chaise pour — personnes avec marquage « CE » — Prescriptions de sécurité types,33189
ITM-SST 1228.2,fr,itm-cl-1100-2000,ITM-SST-1228-2.pdf,https://itm.public.lu/dam-assets/fr/securite-sante/conditions-types/itm-cl-1100-2000/ITM-SST-1228-2.pdf,corpus/itm/pdf/ITM-SST-1228-2.pdf,corpus/itm/txt/ITM-SST-1228-2.txt,ITM-SST 1228.2 — Appareils élévateurs à plateforme ou à chaise pour — personnes conçus d'après la directive 98/37/CE — respectivement 2006/42/CE relative aux machines,25294
ITM-SST 1228.1,fr,itm-cl-1100-2000,ITM-SST-1228-1.pdf,https://itm.public.lu/dam-assets/fr/securite-sante/conditions-types/itm-cl-1100-2000/ITM-SST-1228-1.pdf,corpus/itm/pdf/ITM-SST-1228-1.pdf,corpus/itm/txt/ITM-SST-1228-1.txt,ITM-SST 1228.1 — Appareils élévateurs à plateforme pour personnes — conçus d'après la directive 98/37/CE relative aux — U   Prescriptions de sécurité types,24963
ITM-SST 1243.1,fr,itm-cl-1100-2000,ITM-SST-1243-1.pdf,https://itm.public.lu/dam-assets/fr/securite-sante/conditions-types/itm-cl-1100-2000/ITM-SST-1243-1.pdf,corpus/itm/pdf/ITM-SST-1243-1.pdf,corpus/itm/txt/ITM-SST-1243-1.txt,ITM-SST 1243.1 — Appareils de levage et de transport de personnes à — mobilité réduite utilisés à des fins de soins ou de — traitement médical,28356
ITM-SST 1244.1,fr,itm-cl-1100-2000,ITM-SST-1244-1.pdf,https://itm.public.lu/dam-assets/fr/securite-sante/conditions-types/itm-cl-1100-2000/ITM-SST-1244-1.pdf,corpus/itm/pdf/ITM-SST-1244-1.pdf,corpus/itm/txt/ITM-SST-1244-1.txt,"ITM-SST 1244.1 — Srassen, 9 février 2015 — Grues industrielles motorisées conçues pour — le levage et le transport de charges suspendues,",14195
ITM-SST 1305.1,fr,itm-cl-1100-2000,ITM-SST-1305-1.pdf,https://itm.public.lu/dam-assets/fr/securite-sante/conditions-types/itm-cl-1100-2000/ITM-SST-1305-1.pdf,corpus/itm/pdf/ITM-SST-1305-1.pdf,corpus/itm/txt/ITM-SST-1305-1.txt,"ITM-SST 1305.1 — Appareils sous pression fixes contenant de l’air comprimé — ou des gaz liquéfiés, comprimés ou dissous. — avec marquage « CE »",38830
ITM-SST 1308.1,fr,itm-cl-1100-2000,ITM-SST-1308-1.pdf,https://itm.public.lu/dam-assets/fr/securite-sante/conditions-types/itm-cl-1100-2000/ITM-SST-1308-1.pdf,corpus/itm/pdf/ITM-SST-1308-1.pdf,corpus/itm/txt/ITM-SST-1308-1.txt,"ITM-SST 1308.1 — Appareils et installations à vapeur — Conçus d’après les exigences de la directive 97/23/CE ""Equipements sous pression"" — Prescriptions de sécurité types",71366
ITM-SST 1312.1,fr,itm-cl-1100-2000,ITM-SST-1312-1.pdf,https://itm.public.lu/dam-assets/fr/securite-sante/conditions-types/itm-cl-1100-2000/ITM-SST-1312-1.pdf,corpus/itm/pdf/ITM-SST-1312-1.pdf,corpus/itm/txt/ITM-SST-1312-1.txt,ITM-SST 1312.1 — Appareils sous pression fixes isolés thermiquement utilisés — à l’emmagasinage de gaz liquéfiés à basse température. — Conçus d’après les exigences de la direct,40569
ITM-SST 1314.2,fr,itm-cl-1100-2000,ITM-SST-1314-2.pdf,https://itm.public.lu/dam-assets/fr/securite-sante/conditions-types/itm-cl-1100-2000/ITM-SST-1314-2.pdf,corpus/itm/pdf/ITM-SST-1314-2.pdf,corpus/itm/txt/ITM-SST-1314-2.txt,ITM-SST 1314.2 — Installations de production de froid — fonctionnant au dioxyde de carbone — (CO2) (R744),29792
ITM-SST 1314.1,fr,itm-cl-1100-2000,ITM-SST-1314-1.pdf,https://itm.public.lu/dam-assets/fr/securite-sante/conditions-types/itm-cl-1100-2000/ITM-SST-1314-1.pdf,corpus/itm/pdf/ITM-SST-1314-1.pdf,corpus/itm/txt/ITM-SST-1314-1.txt,ITM-SST 1314.1 — Installations de production de froid — fonctionnant au dioxyde de carbone — (CO2) (R744),29443
ITM-SST 1315.1,fr,itm-cl-1100-2000,ITM-SST-1315-1.pdf,https://itm.public.lu/dam-assets/fr/securite-sante/conditions-types/itm-cl-1100-2000/ITM-SST-1315-1.pdf,corpus/itm/pdf/ITM-SST-1315-1.pdf,corpus/itm/txt/ITM-SST-1315-1.txt,ITM-SST 1315.1 — ITM-SST 1315.1,9
ITM-SST 1407.4,fr,itm-cl-1100-2000,ITM-SST-1407-4.pdf,https://itm.public.lu/dam-assets/fr/securite-sante/conditions-types/itm-cl-1100-2000/ITM-SST-1407-4.pdf,corpus/itm/pdf/ITM-SST-1407-4.pdf,corpus/itm/txt/ITM-SST-1407-4.txt,ITM-SST 1407.4 — Sécurité relative aux travaux en hauteur sur cordes — -    Assurage en zone à risque de chute — -    Travail sur cordes en suspension dans le plan vertical,28812
ITM-SST 1407.3,fr,itm-cl-1100-2000,ITM-SST-1407-3.pdf,https://itm.public.lu/dam-assets/fr/securite-sante/conditions-types/itm-cl-1100-2000/ITM-SST-1407-3.pdf,corpus/itm/pdf/ITM-SST-1407-3.pdf,corpus/itm/txt/ITM-SST-1407-3.txt,ITM-SST 1407.3 — ITM-SST 1407.3,12
ITM-SST 1407.1,fr,itm-cl-1100-2000,ITM-SST-1407-1.pdf,https://itm.public.lu/dam-assets/fr/securite-sante/conditions-types/itm-cl-1100-2000/ITM-SST-1407-1.pdf,corpus/itm/pdf/ITM-SST-1407-1.pdf,corpus/itm/txt/ITM-SST-1407-1.txt,ITM-SST 1407.1 — Ville de Luxembourg. — Sécurité relative aux travaux en hauteur sur corde — -        Assurage en zone à risque de chute,34331
ITM-SST 1408.2,fr,itm-cl-1100-2000,ITM-SST-1408-2.pdf,https://itm.public.lu/dam-assets/fr/securite-sante/conditions-types/itm-cl-1100-2000/ITM-SST-1408-2.pdf,corpus/itm/pdf/ITM-SST-1408-2.pdf,corpus/itm/txt/ITM-SST-1408-2.txt,ITM-SST 1408.2 — Prescriptions de sécurité types — CHANTIERS DE CONSTRUCTION ET DE DÉMOLITION — Table des matières,58411
ITM-SST 1408.1,fr,itm-cl-1100-2000,ITM-SST-1408-1.pdf,https://itm.public.lu/dam-assets/fr/securite-sante/conditions-types/itm-cl-1100-2000/ITM-SST-1408-1.pdf,corpus/itm/pdf/ITM-SST-1408-1.pdf,corpus/itm/txt/ITM-SST-1408-1.txt,ITM-SST 1408.1 — Prescriptions de sécurité types — CHANTIERS DE CONSTRUCTION ET DE DÉMOLITION — 1.                    Objectifs et législation                                   ,55804
ITM-SST 1500.4,fr,itm-cl-1100-2000,itm-sst-1500-4.pdf,https://itm.public.lu/dam-assets/fr/securite-sante/conditions-types/itm-cl-1100-2000/itm-sst-1500-4.pdf,corpus/itm/pdf/itm-sst-1500-4.pdf,corpus/itm/txt/itm-sst-1500-4.txt,ITM-SST 1500.4 — le Corps grand-ducal d’incendie et de secours. — Version du 19 décembre 2024 — Prescriptions de prévention incendie,54836
ITM-SST 1500.3,fr,itm-cl-1100-2000,ITM-SST-1500-3.pdf,https://itm.public.lu/dam-assets/fr/securite-sante/conditions-types/itm-cl-1100-2000/ITM-SST-1500-3.pdf,corpus/itm/pdf/ITM-SST-1500-3.pdf,corpus/itm/txt/ITM-SST-1500-3.txt,ITM-SST 1500.3 — Prescriptions de prévention incendie — DEFINITIONS GENERALES — Les définitions générales suivantes sont indiquées,65277
ITM-SST 1500.2,fr,itm-cl-1100-2000,ITM-SST-1500-2.pdf,https://itm.public.lu/dam-assets/fr/securite-sante/conditions-types/itm-cl-1100-2000/ITM-SST-1500-2.pdf,corpus/itm/pdf/ITM-SST-1500-2.pdf,corpus/itm/txt/ITM-SST-1500-2.txt,ITM-SST 1500.2 — Prescriptions de prévention incendie — DEFINITIONS GENERALES,73391
ITM-SST 1500.1,fr,itm-cl-1100-2000,ITM-SST-1500-1.pdf,https://itm.public.lu/dam-assets/fr/securite-sante/conditions-types/itm-cl-1100-2000/ITM-SST-1500-1.pdf,corpus/itm/pdf/ITM-SST-1500-1.pdf,corpus/itm/txt/ITM-SST-1500-1.txt,ITM-SST 1500.1 — Ambulance de la Ville de Luxembourg. — Prescriptions de sécurité incendie — DEFINITIONS GENERALES,60572
ITM-SST 1501.6,fr,itm-cl-1100-2000,itm-sst-1501-6.pdf,https://itm.public.lu/dam-assets/fr/securite-sante/conditions-types/itm-cl-1100-2000/itm-sst-1501-6.pdf,corpus/itm/pdf/itm-sst-1501-6.pdf,corpus/itm/txt/itm-sst-1501-6.txt,ITM-SST 1501.6 — le Corps grand-ducal d’incendie et de secours. — Version du 19 décembre 2024 — Prescriptions de prévention incendie,193328
ITM-SST 1501.5,fr,itm-cl-1100-2000,ITM-SST-1501-5.pdf,https://itm.public.lu/dam-assets/fr/securite-sante/conditions-types/itm-cl-1100-2000/ITM-SST-1501-5.pdf,corpus/itm/pdf/ITM-SST-1501-5.pdf,corpus/itm/txt/ITM-SST-1501-5.txt,ITM-SST 1501.5 — Prescriptions de prévention incendie — DISPOSITIONS GENERALES — Bâtiments bas,156379
ITM-SST 1501.4,fr,itm-cl-1100-2000,ITM-SST-1501-4.pdf,https://itm.public.lu/dam-assets/fr/securite-sante/conditions-types/itm-cl-1100-2000/ITM-SST-1501-4.pdf,corpus/itm/pdf/ITM-SST-1501-4.pdf,corpus/itm/txt/ITM-SST-1501-4.txt,ITM-SST 1501.4 — Prescriptions de prévention incendie — DISPOSITIONS GENERALES — Bâtiments bas,156247
ITM-SST 1501.3,fr,itm-cl-1100-2000,ITM-SST-1501-3.pdf,https://itm.public.lu/dam-assets/fr/securite-sante/conditions-types/itm-cl-1100-2000/ITM-SST-1501-3.pdf,corpus/itm/pdf/ITM-SST-1501-3.pdf,corpus/itm/txt/ITM-SST-1501-3.txt,ITM-SST 1501.3 — Prescriptions de prévention incendie — DISPOSITIONS GENERALES — Bâtiments bas,155314
ITM-SST 1501.2,fr,itm-cl-1100-2000,ITM-SST-1501-2.pdf,https://itm.public.lu/dam-assets/fr/securite-sante/conditions-types/itm-cl-1100-2000/ITM-SST-1501-2.pdf,corpus/itm/pdf/ITM-SST-1501-2.pdf,corpus/itm/txt/ITM-SST-1501-2.txt,ITM-SST 1501.2 — ITM-SST 1501.2,56
ITM-SST 1501.1,fr,itm-cl-1100-2000,ITM-SST-1501-1.pdf,https://itm.public.lu/dam-assets/fr/securite-sante/conditions-types/itm-cl-1100-2000/ITM-SST-1501-1.pdf,corpus/itm/pdf/ITM-SST-1501-1.pdf,corpus/itm/txt/ITM-SST-1501-1.txt,ITM-SST 1501.1 — Prescriptions de sécurité incendie — DISPOSITIONS GENERALES — Bâtiments bas,135366
ITM-SST 1502.5,fr,itm-cl-1100-2000,itm-sst-1502-5.pdf,https://itm.public.lu/dam-assets/fr/securite-sante/conditions-types/itm-cl-1100-2000/itm-sst-1502-5.pdf,corpus/itm/pdf/itm-sst-1502-5.pdf,corpus/itm/txt/itm-sst-1502-5.txt,ITM-SST 1502.5 — le Corps grand-ducal d’incendie et de secours. — Version du 19 décembre 2024 — Prescriptions de prévention incendie,194630
ITM-SST 1502.4,fr,itm-cl-1100-2000,ITM-SST-1502-4.pdf,https://itm.public.lu/dam-assets/fr/securite-sante/conditions-types/itm-cl-1100-2000/ITM-SST-1502-4.pdf,corpus/itm/pdf/ITM-SST-1502-4.pdf,corpus/itm/txt/ITM-SST-1502-4.txt,ITM-SST 1502.4 — Prescriptions de prévention incendie — DISPOSITIONS GENERALES — Bâtiments moyens,159574
ITM-SST 1502.3,fr,itm-cl-1100-2000,ITM-SST-1502-3.pdf,https://itm.public.lu/dam-assets/fr/securite-sante/conditions-types/itm-cl-1100-2000/ITM-SST-1502-3.pdf,corpus/itm/pdf/ITM-SST-1502-3.pdf,corpus/itm/txt/ITM-SST-1502-3.txt,ITM-SST 1502.3 — Prescriptions de prévention incendie — DISPOSITIONS GENERALES — Bâtiments moyens,159855
ITM-SST 1502.2,fr,itm-cl-1100-2000,ITM-SST-1502-2.pdf,https://itm.public.lu/dam-assets/fr/securite-sante/conditions-types/itm-cl-1100-2000/ITM-SST-1502-2.pdf,corpus/itm/pdf/ITM-SST-1502-2.pdf,corpus/itm/txt/ITM-SST-1502-2.txt,ITM-SST 1502.2 — ITM-SST 1502.2,57
ITM-SST 1502.1,fr,itm-cl-1100-2000,ITM-SST-1502-1.pdf,https://itm.public.lu/dam-assets/fr/securite-sante/conditions-types/itm-cl-1100-2000/ITM-SST-1502-1.pdf,corpus/itm/pdf/ITM-SST-1502-1.pdf,corpus/itm/txt/ITM-SST-1502-1.txt,ITM-SST 1502.1 — Prescriptions de sécurité incendie — DISPOSITIONS GENERALES — Bâtiments moyens,137970
ITM-SST 1503.5,fr,itm-cl-1100-2000,itm-sst-1503-5.pdf,https://itm.public.lu/dam-assets/fr/securite-sante/conditions-types/itm-cl-1100-2000/itm-sst-1503-5.pdf,corpus/itm/pdf/itm-sst-1503-5.pdf,corpus/itm/txt/itm-sst-1503-5.txt,ITM-SST 1503.5 — le Corps grand-ducal d’incendie et de secours. — Version du 19 décembre 2024 — Prescriptions de prévention incendie,196797
ITM-SST 1503.4,fr,itm-cl-1100-2000,ITM-SST-1503-4.pdf,https://itm.public.lu/dam-assets/fr/securite-sante/conditions-types/itm-cl-1100-2000/ITM-SST-1503-4.pdf,corpus/itm/pdf/ITM-SST-1503-4.pdf,corpus/itm/txt/ITM-SST-1503-4.txt,ITM-SST 1503.4 — Prescriptions de prévention incendie — DISPOSITIONS GENERALES — Bâtiments élevés,166680
ITM-SST 1503.3,fr,itm-cl-1100-2000,ITM-SST-1503-3.pdf,https://itm.public.lu/dam-assets/fr/securite-sante/conditions-types/itm-cl-1100-2000/ITM-SST-1503-3.pdf,corpus/itm/pdf/ITM-SST-1503-3.pdf,corpus/itm/txt/ITM-SST-1503-3.txt,ITM-SST 1503.3 — Prescriptions de prévention incendie — DISPOSITIONS GENERALES — Bâtiments élevés,209867
ITM-SST 1503.2,fr,itm-cl-1100-2000,ITM-SST-1503-2.pdf,https://itm.public.lu/dam-assets/fr/securite-sante/conditions-types/itm-cl-1100-2000/ITM-SST-1503-2.pdf,corpus/itm/pdf/ITM-SST-1503-2.pdf,corpus/itm/txt/ITM-SST-1503-2.txt,ITM-SST 1503.2 — Prescriptions de prévention incendie — DISPOSITIONS GENERALES — Bâtiments élevés,205855
ITM-SST 1503.1,fr,itm-cl-1100-2000,ITM-SST-1503-1.pdf,https://itm.public.lu/dam-assets/fr/securite-sante/conditions-types/itm-cl-1100-2000/ITM-SST-1503-1.pdf,corpus/itm/pdf/ITM-SST-1503-1.pdf,corpus/itm/txt/ITM-SST-1503-1.txt,ITM-SST 1503.1 — Ambulance de la Ville de Luxembourg. — Prescriptions de sécurité incendie — DISPOSITIONS GENERALES,150019
ITM-SST 1504.4,fr,itm-cl-1100-2000,itm-sst-1504-4.pdf,https://itm.public.lu/dam-assets/fr/securite-sante/conditions-types/itm-cl-1100-2000/itm-sst-1504-4.pdf,corpus/itm/pdf/itm-sst-1504-4.pdf,corpus/itm/txt/itm-sst-1504-4.txt,ITM-SST 1504.4 — le Corps grand-ducal d’incendie et de secours. — Version du 19 décembre 2024 — Prescriptions de prévention incendie,13941
ITM-SST 1504.3,fr,itm-cl-1100-2000,ITM-SST-1504-3.pdf,https://itm.public.lu/dam-assets/fr/securite-sante/conditions-types/itm-cl-1100-2000/ITM-SST-1504-3.pdf,corpus/itm/pdf/ITM-SST-1504-3.pdf,corpus/itm/txt/ITM-SST-1504-3.txt,ITM-SST 1504.3 — Prescriptions de prévention incendie — DISPOSITIONS SPECIFIQUES — Bâtiments administratifs,12736
ITM-SST 1504.2,fr,itm-cl-1100-2000,ITM-SST-1504-2.pdf,https://itm.public.lu/dam-assets/fr/securite-sante/conditions-types/itm-cl-1100-2000/ITM-SST-1504-2.pdf,corpus/itm/pdf/ITM-SST-1504-2.pdf,corpus/itm/txt/ITM-SST-1504-2.txt,ITM-SST 1504.2 — Prescriptions de prévention incendie — DISPOSITIONS SPECIFIQUES — Bâtiments administratifs,13430
ITM-SST 1504.1,fr,itm-cl-1100-2000,ITM-SST-1504-1.pdf,https://itm.public.lu/dam-assets/fr/securite-sante/conditions-types/itm-cl-1100-2000/ITM-SST-1504-1.pdf,corpus/itm/pdf/ITM-SST-1504-1.pdf,corpus/itm/txt/ITM-SST-1504-1.txt,ITM-SST 1504.1 — Ambulance de la Ville de Luxembourg. — Prescriptions de sécurité incendie — DISPOSITIONS SPECIFIQUES,11415
ITM-SST 1505.3,fr,itm-cl-1100-2000,ITM-SST-1505-3.pdf,https://itm.public.lu/dam-assets/fr/securite-sante/conditions-types/itm-cl-1100-2000/ITM-SST-1505-3.pdf,corpus/itm/pdf/ITM-SST-1505-3.pdf,corpus/itm/txt/ITM-SST-1505-3.txt,ITM-SST 1505.3 — Prescriptions de prévention incendie — DISPOSITIONS SPECIFIQUES — Salles de restauration,7262
ITM-SST 1505.2,fr,itm-cl-1100-2000,ITM-SST-1505-2.pdf,https://itm.public.lu/dam-assets/fr/securite-sante/conditions-types/itm-cl-1100-2000/ITM-SST-1505-2.pdf,corpus/itm/pdf/ITM-SST-1505-2.pdf,corpus/itm/txt/ITM-SST-1505-2.txt,ITM-SST 1505.2 — Prescriptions de prévention incendie — DISPOSITIONS SPECIFIQUES — Restaurants recevant plus de 50 personnes,7792
ITM-SST 1505.1,fr,itm-cl-1100-2000,ITM-SST-1505-1.pdf,https://itm.public.lu/dam-assets/fr/securite-sante/conditions-types/itm-cl-1100-2000/ITM-SST-1505-1.pdf,corpus/itm/pdf/ITM-SST-1505-1.pdf,corpus/itm/txt/ITM-SST-1505-1.txt,ITM-SST 1505.1 — Ambulance de la Ville de Luxembourg. — Prescriptions de sécurité incendie — DISPOSITIONS SPECIFIQUES,11813
ITM-SST 1506.4,fr,itm-cl-1100-2000,itm-sst-1506-4.pdf,https://itm.public.lu/dam-assets/fr/securite-sante/conditions-types/itm-cl-1100-2000/itm-sst-1506-4.pdf,corpus/itm/pdf/itm-sst-1506-4.pdf,corpus/itm/txt/itm-sst-1506-4.txt,ITM-SST 1506.4 — le Corps grand-ducal d’incendie et de secours. — Version du 19 décembre 2024 — Prescriptions de prévention incendie,57162
ITM-SST 1506.3,fr,itm-cl-1100-2000,ITM-SST-1506-3.pdf,https://itm.public.lu/dam-assets/fr/securite-sante/conditions-types/itm-cl-1100-2000/ITM-SST-1506-3.pdf,corpus/itm/pdf/ITM-SST-1506-3.pdf,corpus/itm/txt/ITM-SST-1506-3.txt,ITM-SST 1506.3 — Prescriptions de prévention incendie — DISPOSITIONS SPÉCIFIQUES — Parkings couverts de plus de 20 véhicules,41908
ITM-SST 1506.2,fr,itm-cl-1100-2000,ITM-SST-1506-2.pdf,https://itm.public.lu/dam-assets/fr/securite-sante/conditions-types/itm-cl-1100-2000/ITM-SST-1506-2.pdf,corpus/itm/pdf/ITM-SST-1506-2.pdf,corpus/itm/txt/ITM-SST-1506-2.txt,ITM-SST 1506.2 — Prescriptions de prévention incendie — DISPOSITIONS SPÉCIFIQUES — Parkings couverts de plus de 20 véhicules,40865
ITM-SST 1506.1,fr,itm-cl-1100-2000,ITM-SST-1506-1.pdf,https://itm.public.lu/dam-assets/fr/securite-sante/conditions-types/itm-cl-1100-2000/ITM-SST-1506-1.pdf,corpus/itm/pdf/ITM-SST-1506-1.pdf,corpus/itm/txt/ITM-SST-1506-1.txt,ITM-SST 1506.1 — Prescriptions de sécurité incendie — DISPOSITIONS SPÉCIFIQUES — Parkings couverts de plus de 20 véhicules,41205
ITM-SST 1507.3,fr,itm-cl-1100-2000,ITM-SST-1507-3.pdf,https://itm.public.lu/dam-assets/fr/securite-sante/conditions-types/itm-cl-1100-2000/ITM-SST-1507-3.pdf,corpus/itm/pdf/ITM-SST-1507-3.pdf,corpus/itm/txt/ITM-SST-1507-3.txt,ITM-SST 1507.3 — Prescriptions de prévention incendie — DISPOSITIONS SPÉCIFIQUES — Salles recevant du public,31830
ITM-SST 1507.2,fr,itm-cl-1100-2000,ITM-SST-1507-2.pdf,https://itm.public.lu/dam-assets/fr/securite-sante/conditions-types/itm-cl-1100-2000/ITM-SST-1507-2.pdf,corpus/itm/pdf/ITM-SST-1507-2.pdf,corpus/itm/txt/ITM-SST-1507-2.txt,ITM-SST 1507.2 — Prescriptions de prévention incendie — DISPOSITIONS SPÉCIFIQUES — Salles recevant du public,35720
ITM-SST 1507.1,fr,itm-cl-1100-2000,ITM-SST-1507-1.pdf,https://itm.public.lu/dam-assets/fr/securite-sante/conditions-types/itm-cl-1100-2000/ITM-SST-1507-1.pdf,corpus/itm/pdf/ITM-SST-1507-1.pdf,corpus/itm/txt/ITM-SST-1507-1.txt,ITM-SST 1507.1 — Ambulance de la Ville de Luxembourg. — Prescriptions de sécurité incendie — DISPOSITIONS SPÉCIFIQUES,37687
ITM-SST 1508.5,fr,itm-cl-1100-2000,itm-sst-1508-5.pdf,https://itm.public.lu/dam-assets/fr/securite-sante/conditions-types/itm-cl-1100-2000/itm-sst-1508-5.pdf,corpus/itm/pdf/itm-sst-1508-5.pdf,corpus/itm/txt/itm-sst-1508-5.txt,ITM-SST 1508.5 — le Corps grand-ducal d’incendie et de secours. — Version du 19 décembre 2024 — Prescriptions de prévention incendie,25730
ITM-SST 1508.4,fr,itm-cl-1100-2000,ITM-SST-1508-4.pdf,https://itm.public.lu/dam-assets/fr/securite-sante/conditions-types/itm-cl-1100-2000/ITM-SST-1508-4.pdf,corpus/itm/pdf/ITM-SST-1508-4.pdf,corpus/itm/txt/ITM-SST-1508-4.txt,ITM-SST 1508.4 — Prescriptions de prévention incendie — DISPOSITIONS SPÉCIFIQUES — Etablissements de vente – Centres,20913
ITM-SST 1508.3,fr,itm-cl-1100-2000,ITM-SST-1508-3.pdf,https://itm.public.lu/dam-assets/fr/securite-sante/conditions-types/itm-cl-1100-2000/ITM-SST-1508-3.pdf,corpus/itm/pdf/ITM-SST-1508-3.pdf,corpus/itm/txt/ITM-SST-1508-3.txt,ITM-SST 1508.3 — Prescriptions de prévention incendie — DISPOSITIONS SPÉCIFIQUES — Etablissements de vente – Centres Commerciaux,58185
ITM-SST 1508.2,fr,itm-cl-1100-2000,ITM-SST-1508-2.pdf,https://itm.public.lu/dam-assets/fr/securite-sante/conditions-types/itm-cl-1100-2000/ITM-SST-1508-2.pdf,corpus/itm/pdf/ITM-SST-1508-2.pdf,corpus/itm/txt/ITM-SST-1508-2.txt,ITM-SST 1508.2 — Prescriptions de sécurité incendie — DISPOSITIONS SPÉCIFIQUES — Etablissements de vente – Centres Commerciaux,20960
ITM-SST 1508.1,fr,itm-cl-1100-2000,ITM-SST-1508-1.pdf,https://itm.public.lu/dam-assets/fr/securite-sante/conditions-types/itm-cl-1100-2000/ITM-SST-1508-1.pdf,corpus/itm/pdf/ITM-SST-1508-1.pdf,corpus/itm/txt/ITM-SST-1508-1.txt,ITM-SST 1508.1 — Prescriptions de sécurité incendie — Dispositions spécifiques — Etablissements de vente - Centres Commerciaux,24090
ITM-SST 1509.3,fr,itm-cl-1100-2000,ITM-SST-1509-3.pdf,https://itm.public.lu/dam-assets/fr/securite-sante/conditions-types/itm-cl-1100-2000/ITM-SST-1509-3.pdf,corpus/itm/pdf/ITM-SST-1509-3.pdf,corpus/itm/txt/ITM-SST-1509-3.txt,ITM-SST 1509.3 — Prescriptions de prévention incendie — DISPOSITIONS SPECIFIQUES — Etablissements d’hébergement,14076
ITM-SST 1509.2,fr,itm-cl-1100-2000,ITM-SST-1509-2.pdf,https://itm.public.lu/dam-assets/fr/securite-sante/conditions-types/itm-cl-1100-2000/ITM-SST-1509-2.pdf,corpus/itm/pdf/ITM-SST-1509-2.pdf,corpus/itm/txt/ITM-SST-1509-2.txt,ITM-SST 1509.2 — Prescriptions de prévention incendie — DISPOSITIONS SPECIFIQUES — Etablissements d’hébergement,18069
ITM-SST 1509.1,fr,itm-cl-1100-2000,ITM-SST-1509-1.pdf,https://itm.public.lu/dam-assets/fr/securite-sante/conditions-types/itm-cl-1100-2000/ITM-SST-1509-1.pdf,corpus/itm/pdf/ITM-SST-1509-1.pdf,corpus/itm/txt/ITM-SST-1509-1.txt,ITM-SST 1509.1 — ITM-SST 1509.1,7
ITM-SST 1510.3,fr,itm-cl-1100-2000,ITM-SST-1510-3.pdf,https://itm.public.lu/dam-assets/fr/securite-sante/conditions-types/itm-cl-1100-2000/ITM-SST-1510-3.pdf,corpus/itm/pdf/ITM-SST-1510-3.pdf,corpus/itm/txt/ITM-SST-1510-3.txt,ITM-SST 1510.3 — Prescriptions de prévention incendie — DISPOSITIONS SPECIFIQUES — Centres Intégrés pour Personnes Agées,24589
ITM-SST 1510.2,fr,itm-cl-1100-2000,ITM-SST-1510-2.pdf,https://itm.public.lu/dam-assets/fr/securite-sante/conditions-types/itm-cl-1100-2000/ITM-SST-1510-2.pdf,corpus/itm/pdf/ITM-SST-1510-2.pdf,corpus/itm/txt/ITM-SST-1510-2.txt,ITM-SST 1510.2 — le Service d’Incendie et d’Ambulance de la Ville de Luxembourg. — Prescriptions de prévention incendie — DISPOSITIONS SPECIFIQUES,28157
ITM-SST 1510.1,fr,itm-cl-1100-2000,ITM-SST-1510-1.pdf,https://itm.public.lu/dam-assets/fr/securite-sante/conditions-types/itm-cl-1100-2000/ITM-SST-1510-1.pdf,corpus/itm/pdf/ITM-SST-1510-1.pdf,corpus/itm/txt/ITM-SST-1510-1.txt,ITM-SST 1510.1 — d’Incendie et d’Ambulance de la Ville de Luxembourg. — Prescriptions de sécurité incendie — DISPOSITIONS SPECIFIQUES,23853
ITM-SST-1511-2-A1,fr,itm-cl-1100-2000,itm-sst-1511-2-a1.pdf,https://itm.public.lu/dam-assets/fr/securite-sante/conditions-types/itm-cl-1100-2000/itm-sst-1511-2-a1.pdf,corpus/itm/pdf/itm-sst-1511-2-a1.pdf,corpus/itm/txt/itm-sst-1511-2-a1.txt,ITM-SST-1511-2-A1 — le Corps grand-ducal d’incendie et de secours. — Version du 19 décembre 2024 — Établissements,36466
ITM-SST 1511.2,fr,itm-cl-1100-2000,ITM-SST-1511-2.pdf,https://itm.public.lu/dam-assets/fr/securite-sante/conditions-types/itm-cl-1100-2000/ITM-SST-1511-2.pdf,corpus/itm/pdf/ITM-SST-1511-2.pdf,corpus/itm/txt/ITM-SST-1511-2.txt,ITM-SST 1511.2 — Prescriptions de prévention incendie — DISPOSITIONS SPECIFIQUES — Établissements,30610
ITM-SST 1511.1,fr,itm-cl-1100-2000,ITM-SST-1511-1.pdf,https://itm.public.lu/dam-assets/fr/securite-sante/conditions-types/itm-cl-1100-2000/ITM-SST-1511-1.pdf,corpus/itm/pdf/ITM-SST-1511-1.pdf,corpus/itm/txt/ITM-SST-1511-1.txt,ITM-SST 1511.1 — Ambulance de la Ville de Luxembourg. — Prescriptions de sécurité incendie — DISPOSITIONS SPECIFIQUES,22460
ITM-SST 1512.2,fr,itm-cl-1100-2000,ITM-SST-1512-2.pdf,https://itm.public.lu/dam-assets/fr/securite-sante/conditions-types/itm-cl-1100-2000/ITM-SST-1512-2.pdf,corpus/itm/pdf/ITM-SST-1512-2.pdf,corpus/itm/txt/ITM-SST-1512-2.txt,ITM-SST 1512.2 — Installations de natations — Dispositions spécifiques — Prescriptions de sécurité types,24563
ITM-SST 1512.1,fr,itm-cl-1100-2000,ITM-SST-1512-1.pdf,https://itm.public.lu/dam-assets/fr/securite-sante/conditions-types/itm-cl-1100-2000/ITM-SST-1512-1.pdf,corpus/itm/pdf/ITM-SST-1512-1.pdf,corpus/itm/txt/ITM-SST-1512-1.txt,ITM-SST 1512.1 — Installations de natations — Dispositions spécifiques — Prescriptions de sécurité types,18305
ITM-SST 1513.1,fr,itm-cl-1100-2000,ITM-SST-1513-1.pdf,https://itm.public.lu/dam-assets/fr/securite-sante/conditions-types/itm-cl-1100-2000/ITM-SST-1513-1.pdf,corpus/itm/pdf/ITM-SST-1513-1.pdf,corpus/itm/txt/ITM-SST-1513-1.txt,ITM-SST 1513.1 — Prescriptions de prévention incendie — DISPOSITIONS SPÉCIFIQUES — Logements encadrés,14077
ITM-SST 1514.3,fr,itm-cl-1100-2000,ITM-SST-1514-3.pdf,https://itm.public.lu/dam-assets/fr/securite-sante/conditions-types/itm-cl-1100-2000/ITM-SST-1514-3.pdf,corpus/itm/pdf/ITM-SST-1514-3.pdf,corpus/itm/txt/ITM-SST-1514-3.txt,ITM-SST 1514.3 — Prescriptions de sécurité et de santé types — DISPOSITIONS SPECIFIQUES — Services d’éducation et d’accueil pour enfants non-scolarisés et,36819
ITM-SST 1514.2,fr,itm-cl-1100-2000,ITM-SST-1514-2.pdf,https://itm.public.lu/dam-assets/fr/securite-sante/conditions-types/itm-cl-1100-2000/ITM-SST-1514-2.pdf,corpus/itm/pdf/ITM-SST-1514-2.pdf,corpus/itm/txt/ITM-SST-1514-2.txt,ITM-SST 1514.2 — ITM-SST 1514.2,12
ITM-SST 1514.1,fr,itm-cl-1100-2000,ITM-SST-1514-1.pdf,https://itm.public.lu/dam-assets/fr/securite-sante/conditions-types/itm-cl-1100-2000/ITM-SST-1514-1.pdf,corpus/itm/pdf/ITM-SST-1514-1.pdf,corpus/itm/txt/ITM-SST-1514-1.txt,ITM-SST 1514.1 — ITM-SST 1514.1,11
ITM-SST 1515.1,fr,itm-cl-1100-2000,ITM-SST-1515-1.pdf,https://itm.public.lu/dam-assets/fr/securite-sante/conditions-types/itm-cl-1100-2000/ITM-SST-1515-1.pdf,corpus/itm/pdf/ITM-SST-1515-1.pdf,corpus/itm/txt/ITM-SST-1515-1.txt,ITM-SST 1515.1 — Ambulance de la Ville de Luxembourg. — Prescriptions de sécurité incendie — Dispositions applicables aux,15544
ITM-SST 1516.1,fr,itm-cl-1100-2000,ITM-SST-1516-1.pdf,https://itm.public.lu/dam-assets/fr/securite-sante/conditions-types/itm-cl-1100-2000/ITM-SST-1516-1.pdf,corpus/itm/pdf/ITM-SST-1516-1.pdf,corpus/itm/txt/ITM-SST-1516-1.txt,ITM-SST 1516.1 — le Corps Grand-Ducal d’Incendie et de Secours. — Prescriptions de prévention incendie — DISPOSITIONS SPÉCIFIQUES,19137
ITM-SST 1524.2,fr,itm-cl-1100-2000,ITM-SST-1524-2.pdf,https://itm.public.lu/dam-assets/fr/securite-sante/conditions-types/itm-cl-1100-2000/ITM-SST-1524-2.pdf,corpus/itm/pdf/ITM-SST-1524-2.pdf,corpus/itm/txt/ITM-SST-1524-2.txt,ITM-SST 1524.2 — Prescriptions de sécurité et de santé types — DISPOSITIONS SPECIFIQUES — Structures d’éducation et d’accueil pour enfants scolarisés,28871
ITM-SST 1524.1,fr,itm-cl-1100-2000,ITM-SST-1524-1.pdf,https://itm.public.lu/dam-assets/fr/securite-sante/conditions-types/itm-cl-1100-2000/ITM-SST-1524-1.pdf,corpus/itm/pdf/ITM-SST-1524-1.pdf,corpus/itm/txt/ITM-SST-1524-1.txt,ITM-SST 1524.1 — Prescriptions de sécurité et de santé types — DISPOSITIONS SPECIFIQUES — Structures d’éducation et d’accueil,28828
ITM-SST 1551.1,fr,itm-cl-1100-2000,ITM-SST-1551-1.pdf,https://itm.public.lu/dam-assets/fr/securite-sante/conditions-types/itm-cl-1100-2000/ITM-SST-1551-1.pdf,corpus/itm/pdf/ITM-SST-1551-1.pdf,corpus/itm/txt/ITM-SST-1551-1.txt,ITM-SST 1551.1 — Prescriptions de sécurité incendie — INSTRUCTION TECHNIQUE — Etude de stabilité au feu à l’aide d’une,145911
ITM-SST 1552.2,fr,itm-cl-1100-2000,ITM-SST-1552-2.pdf,https://itm.public.lu/dam-assets/fr/securite-sante/conditions-types/itm-cl-1100-2000/ITM-SST-1552-2.pdf,corpus/itm/pdf/ITM-SST-1552-2.pdf,corpus/itm/txt/ITM-SST-1552-2.txt,ITM-SST 1552.2 — LUXEMBOURG — Prescriptions de prévention incendie — INSTRUCTION TECHNIQUE,117906
ITM-SST 1552.1,fr,itm-cl-1100-2000,ITM-SST-1552-1.pdf,https://itm.public.lu/dam-assets/fr/securite-sante/conditions-types/itm-cl-1100-2000/ITM-SST-1552-1.pdf,corpus/itm/pdf/ITM-SST-1552-1.pdf,corpus/itm/txt/ITM-SST-1552-1.txt,ITM-SST 1552.1 — ITM-SST 1552.1,44
ITM-SST 1553.2,fr,itm-cl-1100-2000,ITM-SST-1553-2.pdf,https://itm.public.lu/dam-assets/fr/securite-sante/conditions-types/itm-cl-1100-2000/ITM-SST-1553-2.pdf,corpus/itm/pdf/ITM-SST-1553-2.pdf,corpus/itm/txt/ITM-SST-1553-2.txt,ITM-SST 1553.2 — Prescriptions de prévention incendie — INSTRUCTION TECHNIQUE — Simulation d’évacuation de personnes (SEP),82994
ITM-SST 1553.1,fr,itm-cl-1100-2000,ITM-SST-1553-1.pdf,https://itm.public.lu/dam-assets/fr/securite-sante/conditions-types/itm-cl-1100-2000/ITM-SST-1553-1.pdf,corpus/itm/pdf/ITM-SST-1553-1.pdf,corpus/itm/txt/ITM-SST-1553-1.txt,ITM-SST 1553.1 — ITM-SST 1553.1,34
ITM-SST 1554.2,fr,itm-cl-1100-2000,ITM-SST-1554-2.pdf,https://itm.public.lu/dam-assets/fr/securite-sante/conditions-types/itm-cl-1100-2000/ITM-SST-1554-2.pdf,corpus/itm/pdf/ITM-SST-1554-2.pdf,corpus/itm/txt/ITM-SST-1554-2.txt,ITM-SST 1554.2 — Prescriptions de prévention incendie — INSTRUCTION TECHNIQUE — Spécifications techniques pour les façades,47964
ITM-SST 1554.1,fr,itm-cl-1100-2000,ITM-SST-1554-1.pdf,https://itm.public.lu/dam-assets/fr/securite-sante/conditions-types/itm-cl-1100-2000/ITM-SST-1554-1.pdf,corpus/itm/pdf/ITM-SST-1554-1.pdf,corpus/itm/txt/ITM-SST-1554-1.txt,ITM-SST 1554.1 — la Ville de Luxembourg. — Prescriptions de prévention incendie — INSTRUCTION TECHNIQUE,56725
ITM-SST 1560.1,fr,itm-cl-1100-2000,ITM-SST-1560-1.pdf,https://itm.public.lu/dam-assets/fr/securite-sante/conditions-types/itm-cl-1100-2000/ITM-SST-1560-1.pdf,corpus/itm/pdf/ITM-SST-1560-1.pdf,corpus/itm/txt/ITM-SST-1560-1.txt,ITM-SST 1560.1 — Prescriptions de prévention de la panique — DISPOSITIONS GENERALES — Concerts en plein air recevant plus de 5.000 personnes,32469
ITM-SST 1600.1,fr,itm-cl-1100-2000,ITM-SST-1600-1.pdf,https://itm.public.lu/dam-assets/fr/securite-sante/conditions-types/itm-cl-1100-2000/ITM-SST-1600-1.pdf,corpus/itm/pdf/ITM-SST-1600-1.pdf,corpus/itm/txt/ITM-SST-1600-1.txt,ITM-SST 1600.1 — Allgemeine Anforderungen an Einrichtungen des — Gesundheitswesens — (22 Seiten),59719
ITM-SST 1601.1,fr,itm-cl-1100-2000,ITM-SST-1601-1.pdf,https://itm.public.lu/dam-assets/fr/securite-sante/conditions-types/itm-cl-1100-2000/ITM-SST-1601-1.pdf,corpus/itm/pdf/ITM-SST-1601-1.pdf,corpus/itm/txt/ITM-SST-1601-1.txt,ITM-SST 1601.1 — Umkleiden in Einrichtungen des Gesundheitswesens — (7 Seiten) — Inhaltsverzeichnis,15734
ITM-SST 1602.1,fr,itm-cl-1100-2000,ITM-SST-1602-1.pdf,https://itm.public.lu/dam-assets/fr/securite-sante/conditions-types/itm-cl-1100-2000/ITM-SST-1602-1.pdf,corpus/itm/pdf/ITM-SST-1602-1.pdf,corpus/itm/txt/ITM-SST-1602-1.txt,ITM-SST 1602.1 — Rohrpostanlagen in Einrichtungen — des Gesundheitswesens — (6 Seiten),11692
ITM-SST 1603.1,fr,itm-cl-1100-2000,ITM-SST-1603-1.pdf,https://itm.public.lu/dam-assets/fr/securite-sante/conditions-types/itm-cl-1100-2000/ITM-SST-1603-1.pdf,corpus/itm/pdf/ITM-SST-1603-1.pdf,corpus/itm/txt/ITM-SST-1603-1.txt,ITM-SST 1603.1 — Vorschriften zur betrieblichen Sicherheit — bezüglich dem Umgang mit Zytostatika — (34 Seiten),85241
ITM-SST 1604.1,fr,itm-cl-1100-2000,ITM-SST-1604-1.pdf,https://itm.public.lu/dam-assets/fr/securite-sante/conditions-types/itm-cl-1100-2000/ITM-SST-1604-1.pdf,corpus/itm/pdf/ITM-SST-1604-1.pdf,corpus/itm/txt/ITM-SST-1604-1.txt,ITM-SST 1604.1 — Vorschriften zur betrieblichen Sicherheit — von Dialysestationen in — Einrichtungen des Gesundheitswesens,37254
ITM-SST 1609.1,fr,itm-cl-1100-2000,ITM-SST-1609-1.pdf,https://itm.public.lu/dam-assets/fr/securite-sante/conditions-types/itm-cl-1100-2000/ITM-SST-1609-1.pdf,corpus/itm/pdf/ITM-SST-1609-1.pdf,corpus/itm/txt/ITM-SST-1609-1.txt,ITM-SST 1609.1 — Vorschriften zur betrieblichen Sicherheit von — Zentralsterilisationen — Dieses Dokument umfasst 12 Seiten,32506
ITM-SST 1610.1,fr,itm-cl-1100-2000,ITM-SST-1610-1.pdf,https://itm.public.lu/dam-assets/fr/securite-sante/conditions-types/itm-cl-1100-2000/ITM-SST-1610-1.pdf,corpus/itm/pdf/ITM-SST-1610-1.pdf,corpus/itm/txt/ITM-SST-1610-1.txt,ITM-SST 1610.1 — Vorschriften zur betrieblichen Sicherheit — von Pflegestationen — Diese Vorschriften umfassen 18 Seiten,43030
ITM-SST 1702.2,fr,itm-cl-1100-2000,ITM-SST-1702-2.pdf,https://itm.public.lu/dam-assets/fr/securite-sante/conditions-types/itm-cl-1100-2000/ITM-SST-1702-2.pdf,corpus/itm/pdf/ITM-SST-1702-2.pdf,corpus/itm/txt/ITM-SST-1702-2.txt,ITM-SST 1702.2 — Dépôts aériens de gaz de pétrole liquéfié — Non soumis à la directive 97/23/CE — Prescriptions de sécurité types,46820
ITM-SST 1703.3,de,itm-cl-1100-2000,ITM-SST-1703-3-de.pdf,https://itm.public.lu/dam-assets/fr/securite-sante/conditions-types/itm-cl-1100-2000/ITM-SST-1703-3-de.pdf,corpus/itm/pdf/ITM-SST-1703-3-de.pdf,corpus/itm/txt/ITM-SST-1703-3-de.txt,ITM-SST 1703.3 — Mise en vigueur le 01.04.2021 — Oberirdische Flüssiggasbehälter mit einem — Fassungsvermögen ≤ 3000 Liter Inhalt,92591
ITM-SST 1703.2,fr,itm-cl-1100-2000,ITM-SST-1703-2.pdf,https://itm.public.lu/dam-assets/fr/securite-sante/conditions-types/itm-cl-1100-2000/ITM-SST-1703-2.pdf,corpus/itm/pdf/ITM-SST-1703-2.pdf,corpus/itm/txt/ITM-SST-1703-2.txt,ITM-SST 1703.2 — Dépôts aériens de gaz de pétrole liquéfié — Soumis à la directive 97/23/CE — Prescriptions de sécurité types,43392
ITM-SST 1703.1,fr,itm-cl-1100-2000,ITM-SST-1703-1.pdf,https://itm.public.lu/dam-assets/fr/securite-sante/conditions-types/itm-cl-1100-2000/ITM-SST-1703-1.pdf,corpus/itm/pdf/ITM-SST-1703-1.pdf,corpus/itm/txt/ITM-SST-1703-1.txt,ITM-SST 1703.1 — Dépôts aériens de gaz de pétrole liquéfié — Soumis à la directive 97/23/CE — Prescriptions de sécurité types,43383
ITM-SST 1704.1,de,itm-cl-1100-2000,ITM-SST-1704-1-de.pdf,https://itm.public.lu/dam-assets/fr/securite-sante/conditions-types/itm-cl-1100-2000/ITM-SST-1704-1-de.pdf,corpus/itm/pdf/ITM-SST-1704-1-de.pdf,corpus/itm/txt/ITM-SST-1704-1-de.txt,ITM-SST 1704.1 — Mise en vigueur le 01.04.2021 — Erdgedeckte Flüssiggasbehälter mit einem — Fassungsvermögen ≤ 7000 Liter Inhalt,97192
ITM-SST 1706.1,fr,itm-cl-1100-2000,ITM-SST-1706-1.pdf,https://itm.public.lu/dam-assets/fr/securite-sante/conditions-types/itm-cl-1100-2000/ITM-SST-1706-1.pdf,corpus/itm/pdf/ITM-SST-1706-1.pdf,corpus/itm/txt/ITM-SST-1706-1.txt,ITM-SST 1706.1 — Installations d’extinction automatiques — fonctionnant avec un gaz d'extinction — Prescriptions de sécurité types,23756
ITM-SST 1708.1,fr,itm-cl-1100-2000,ITM-SST-1708-1.pdf,https://itm.public.lu/dam-assets/fr/securite-sante/conditions-types/itm-cl-1100-2000/ITM-SST-1708-1.pdf,corpus/itm/pdf/ITM-SST-1708-1.pdf,corpus/itm/txt/ITM-SST-1708-1.txt,ITM-SST 1708.1 — Aires de ravitaillement en GPL — sur des sites non accessibles au public — Prescriptions de sécurité types,24534
ITM-SST 1710.2,fr,itm-cl-1100-2000,ITM-SST-1710-2.pdf,https://itm.public.lu/dam-assets/fr/securite-sante/conditions-types/itm-cl-1100-2000/ITM-SST-1710-2.pdf,corpus/itm/pdf/ITM-SST-1710-2.pdf,corpus/itm/txt/ITM-SST-1710-2.txt,ITM-SST 1710.2 — Stations de ravitaillement de véhicules en gaz naturel — Prescriptions de sécurité types — Autres prescriptions à prendre en considération :,35314
ITM-SST 1710.1,fr,itm-cl-1100-2000,ITM-SST-1710-1.pdf,https://itm.public.lu/dam-assets/fr/securite-sante/conditions-types/itm-cl-1100-2000/ITM-SST-1710-1.pdf,corpus/itm/pdf/ITM-SST-1710-1.pdf,corpus/itm/txt/ITM-SST-1710-1.txt,ITM-SST 1710.1 — Stations de ravitaillement de véhicules en gaz naturel — Prescriptions de sécurité types — Autres prescriptions à prendre en considération :,35331
ITM-SST 1800.2,fr,itm-cl-1100-2000,ITM-SST-1800-2.pdf,https://itm.public.lu/dam-assets/fr/securite-sante/conditions-types/itm-cl-1100-2000/ITM-SST-1800-2.pdf,corpus/itm/pdf/ITM-SST-1800-2.pdf,corpus/itm/txt/ITM-SST-1800-2.txt,ITM-SST 1800.2 — Stations de ravitaillement — de véhicules routiers en hydrocarbures — Prescriptions de sécurité types,28602
ITM-SST 1800.1,fr,itm-cl-1100-2000,ITM-SST-1800-1.pdf,https://itm.public.lu/dam-assets/fr/securite-sante/conditions-types/itm-cl-1100-2000/ITM-SST-1800-1.pdf,corpus/itm/pdf/ITM-SST-1800-1.pdf,corpus/itm/txt/ITM-SST-1800-1.txt,ITM-SST 1800.1 — Stations de ravitaillement — de véhicules routiers en hydrocarbures — Prescriptions de sécurité types,29087
ITM-SST 1804.1,fr,itm-cl-1100-2000,ITM-SST-1804-1.pdf,https://itm.public.lu/dam-assets/fr/securite-sante/conditions-types/itm-cl-1100-2000/ITM-SST-1804-1.pdf,corpus/itm/pdf/ITM-SST-1804-1.pdf,corpus/itm/txt/ITM-SST-1804-1.txt,ITM-SST 1804.1 — Ancien N° ITM-ET 36.3 — Stations d'épuration — Prescriptions de sécurité types,106103
ITM-SST 1809.3,fr,itm-cl-1100-2000,ITM-SST-1809-3.pdf,https://itm.public.lu/dam-assets/fr/securite-sante/conditions-types/itm-cl-1100-2000/ITM-SST-1809-3.pdf,corpus/itm/pdf/ITM-SST-1809-3.pdf,corpus/itm/txt/ITM-SST-1809-3.txt,ITM-SST 1809.3 — Prescriptions de sécurité et de santé types — Dépôts d’articles pyrotechniques — Article 1er      Objet et champ d’application                                  ,21665
ITM-SST 1809.2,fr,itm-cl-1100-2000,ITM-SST-1809-2.pdf,https://itm.public.lu/dam-assets/fr/securite-sante/conditions-types/itm-cl-1100-2000/ITM-SST-1809-2.pdf,corpus/itm/pdf/ITM-SST-1809-2.pdf,corpus/itm/txt/ITM-SST-1809-2.txt,ITM-SST 1809.2 — Dépôts d’articles pyrotechniques — 1.                              Objectif et domaine d'application                                                 2 — 2.     ,20735
ITM-SST 1809.1,fr,itm-cl-1100-2000,ITM-SST-1809-1.pdf,https://itm.public.lu/dam-assets/fr/securite-sante/conditions-types/itm-cl-1100-2000/ITM-SST-1809-1.pdf,corpus/itm/pdf/ITM-SST-1809-1.pdf,corpus/itm/txt/ITM-SST-1809-1.txt,ITM-SST 1809.1 — Dépôts d'articles pyrotechniques — Prescriptions de sécurité types,38308
ITM-SST 1814.1,fr,itm-cl-1100-2000,ITM-SST-1814-1.pdf,https://itm.public.lu/dam-assets/fr/securite-sante/conditions-types/itm-cl-1100-2000/ITM-SST-1814-1.pdf,corpus/itm/pdf/ITM-SST-1814-1.pdf,corpus/itm/txt/ITM-SST-1814-1.txt,ITM-SST 1814.1 — ITM-SST 1814.1,8
ITM-SST 1829.1,fr,itm-cl-1100-2000,ITM-SST-1829-1.pdf,https://itm.public.lu/dam-assets/fr/securite-sante/conditions-types/itm-cl-1100-2000/ITM-SST-1829-1.pdf,corpus/itm/pdf/ITM-SST-1829-1.pdf,corpus/itm/txt/ITM-SST-1829-1.txt,ITM-SST 1829.1 — Installations de production de froid fonctionnant à — l'ammoniac — tombant sous l’application de la directive 97/23/CE,105648
ITM-SST 1830.2,fr,itm-cl-1100-2000,ITM-SST-1830-2.pdf,https://itm.public.lu/dam-assets/fr/securite-sante/conditions-types/itm-cl-1100-2000/ITM-SST-1830-2.pdf,corpus/itm/pdf/ITM-SST-1830-2.pdf,corpus/itm/txt/ITM-SST-1830-2.txt,ITM-SST 1830.2 — INSTALLATIONS A LASER — U   Prescriptions de sécurité types,28450
ITM-SST 1830.1,fr,itm-cl-1100-2000,ITM-SST-1830-1.pdf,https://itm.public.lu/dam-assets/fr/securite-sante/conditions-types/itm-cl-1100-2000/ITM-SST-1830-1.pdf,corpus/itm/pdf/ITM-SST-1830-1.pdf,corpus/itm/txt/ITM-SST-1830-1.txt,ITM-SST 1830.1 — INSTALLATIONS A LASER — U   Prescriptions de sécurité types,28449
ITM-SST 1840.2,fr,itm-cl-1100-2000,ITM-SST-1840-2.pdf,https://itm.public.lu/dam-assets/fr/securite-sante/conditions-types/itm-cl-1100-2000/ITM-SST-1840-2.pdf,corpus/itm/pdf/ITM-SST-1840-2.pdf,corpus/itm/txt/ITM-SST-1840-2.txt,"ITM-SST 1840.2 — Luxembourg, le 13 avril 2012 — EOLIENNES — Prescriptions de sécurité types",31811
ITM-SST 1840.1,fr,itm-cl-1100-2000,ITM-SST-1840-1.pdf,https://itm.public.lu/dam-assets/fr/securite-sante/conditions-types/itm-cl-1100-2000/ITM-SST-1840-1.pdf,corpus/itm/pdf/ITM-SST-1840-1.pdf,corpus/itm/txt/ITM-SST-1840-1.txt,ITM-SST 1840.1 — EOLIENNES — Prescriptions de sécurité types,31145
ITM-SST 1841.1,fr,itm-cl-1100-2000,ITM-SST-1841-1.pdf,https://itm.public.lu/dam-assets/fr/securite-sante/conditions-types/itm-cl-1100-2000/ITM-SST-1841-1.pdf,corpus/itm/pdf/ITM-SST-1841-1.pdf,corpus/itm/txt/ITM-SST-1841-1.txt,ITM-SST 1841.1 — ITM-SST 1841.1,5
ITM-SST 1900.1,fr,itm-cl-1100-2000,ITM-SST-1900-1.pdf,https://itm.public.lu/dam-assets/fr/securite-sante/conditions-types/itm-cl-1100-2000/ITM-SST-1900-1.pdf,corpus/itm/pdf/ITM-SST-1900-1.pdf,corpus/itm/txt/ITM-SST-1900-1.txt,ITM-SST 1900.1 — PRODUITS DANGEREUX — Prescriptions de sécurité types — 1.       Objectif et domaine d'application                                                               ,97435
ITM-SST 1901.1,fr,itm-cl-1100-2000,itm-sst-1901-1.pdf,https://itm.public.lu/dam-assets/fr/securite-sante/conditions-types/itm-cl-1100-2000/itm-sst-1901-1.pdf,corpus/itm/pdf/itm-sst-1901-1.pdf,corpus/itm/txt/itm-sst-1901-1.txt,ITM-SST 1901.1 — Version du 12 novembre 2024 — Contrôle de l'atmosphère sur les lieux de travail — Adresse postale :         B.P. 27                  L-2010 Luxembourg   Tel. : ,7635
ITM-SST 1903.2,fr,itm-cl-1100-2000,ITM-SST-1903-2.pdf,https://itm.public.lu/dam-assets/fr/securite-sante/conditions-types/itm-cl-1100-2000/ITM-SST-1903-2.pdf,corpus/itm/pdf/ITM-SST-1903-2.pdf,corpus/itm/txt/ITM-SST-1903-2.txt,ITM-SST 1903.2 — Installations de stockage fixes de liquides inflammables — dans des réservoirs souterrains — U   Prescriptions de sécurité types,46611
ITM-SST 1903.1,fr,itm-cl-1100-2000,ITM-SST-1903-1.pdf,https://itm.public.lu/dam-assets/fr/securite-sante/conditions-types/itm-cl-1100-2000/ITM-SST-1903-1.pdf,corpus/itm/pdf/ITM-SST-1903-1.pdf,corpus/itm/txt/ITM-SST-1903-1.txt,ITM-SST 1903.1 — Réservoirs à double paroi dans lesquels sont emmagasinés — des liquides inflammables — Prescriptions de sécurité types,22523
ITM-SST 1904.1,fr,itm-cl-1100-2000,ITM-SST-1904-1.pdf,https://itm.public.lu/dam-assets/fr/securite-sante/conditions-types/itm-cl-1100-2000/ITM-SST-1904-1.pdf,corpus/itm/pdf/ITM-SST-1904-1.pdf,corpus/itm/txt/ITM-SST-1904-1.txt,ITM-SST 1904.1 — Installations de stockage fixes de liquides inflammables — dans des réservoirs aériens — Prescriptions de sécurité types,57689
ITM-SST 1913.1,fr,itm-cl-1100-2000,ITM-SST-1913-1.pdf,https://itm.public.lu/dam-assets/fr/securite-sante/conditions-types/itm-cl-1100-2000/ITM-SST-1913-1.pdf,corpus/itm/pdf/ITM-SST-1913-1.pdf,corpus/itm/txt/ITM-SST-1913-1.txt,"ITM-SST 1913.1 — Luxembourg, le 1er décembre 2010 — OPÉRATIONS D'ASSAINISSEMENT — Prescriptions de sécurité types",10986
ITM-SST 1918.2,fr,itm-cl-1100-2000,ITM-SST-1918-2.pdf,https://itm.public.lu/dam-assets/fr/securite-sante/conditions-types/itm-cl-1100-2000/ITM-SST-1918-2.pdf,corpus/itm/pdf/ITM-SST-1918-2.pdf,corpus/itm/txt/ITM-SST-1918-2.txt,ITM-SST 1918.2 — Recommandations pour les laboratoires d’essais et de — développement utilisant des nanoparticules — Prescriptions de sécurité types,26220
ITM-SST 1918.1,fr,itm-cl-1100-2000,ITM-SST-1918-1.pdf,https://itm.public.lu/dam-assets/fr/securite-sante/conditions-types/itm-cl-1100-2000/ITM-SST-1918-1.pdf,corpus/itm/pdf/ITM-SST-1918-1.pdf,corpus/itm/txt/ITM-SST-1918-1.txt,ITM-SST 1918.1 — Recommandations pour les laboratoires d’essais et de — développement utilisant des nanoparticules — Prescriptions de sécurité types,26048
ITM-SST 1011.1,fr,itm-cl-1100-2000,ITM-SST-1011-1.pdf,https://itm.public.lu/dam-assets/fr/securite-sante/conditions-types/itm-cl-1100-2000/ITM-SST-1011-1.pdf,corpus/itm/pdf/ITM-SST-1011-1.pdf,corpus/itm/txt/ITM-SST-1011-1.txt,ITM-SST 1011.1 — Prescriptions types — Installations sanitaires — Article 1        Objectifs et domaine d'application                                                   2,18786
ITM-SST 1055.1,fr,itm-cl-1100-2000,itm-sst-1055-1.pdf,https://itm.public.lu/dam-assets/fr/securite-sante/conditions-types//itm-cl-1100-2000/itm-sst-1055-1.pdf,corpus/itm/pdf/itm-sst-1055-1.pdf,corpus/itm/txt/itm-sst-1055-1.txt,ITM-SST 1055.1 — Version du 19 décembre 2024 — Prescriptions de sécurité et de santé types — Eclairage,15878
